INSERT INTO domains (id, slug, name, description_short) VALUES
(1, 'philosophy', 'Philosophy', 'Rational traditions focused on ethics, knowledge, meaning, and how to live.'),
(2, 'spirituality-religion', 'Spirituality and Religion', 'Traditions centered on liberation, salvation, awakening, right conduct, and ultimate reality.'),
(3, 'psychology', 'Psychology', 'Scientific and clinical study of mind, behavior, emotion, development, and relationships.'),
(4, 'self-improvement', 'Self-Improvement', 'Modern practical material on habits, discipline, performance, communication, meaning, and money behavior.');

INSERT INTO traditions (id, domain_id, parent_tradition_id, slug, name, origin_region, description_short) VALUES
(1, 1, NULL, 'stoicism', 'Stoicism', 'Ancient Greece', 'Hellenistic philosophy of virtue, reason, and acceptance.'),
(2, 1, NULL, 'epicureanism', 'Epicureanism', 'Ancient Greece', 'Philosophy of tranquility, friendship, and freedom from disturbance.'),
(3, 1, NULL, 'cynicism', 'Cynicism', 'Ancient Greece', 'Radical critique of convention and excess.'),
(4, 1, NULL, 'skepticism', 'Skepticism', 'Ancient Greece', 'Suspension of judgment and critique of certainty.'),
(5, 1, NULL, 'existentialism', 'Existentialism', 'Europe', 'Freedom, responsibility, anxiety, and meaning.'),
(6, 2, NULL, 'buddhism', 'Buddhism', 'India', 'Tradition centered on suffering, impermanence, and liberation.'),
(7, 2, 6, 'zen', 'Zen / Chan', 'China / Japan', 'Direct realization and disciplined awareness.'),
(8, 2, 6, 'dzogchen', 'Dzogchen', 'Tibet', 'Recognition of the nature of mind.'),
(9, 2, NULL, 'taoism', 'Taoism / Daoism', 'China', 'Dao, naturalness, and non-forcing.'),
(10, 2, NULL, 'confucianism', 'Confucianism', 'China', 'Ethical cultivation, ritual, education, and social responsibility.'),
(11, 2, NULL, 'christianity', 'Christianity', 'Levant / Europe', 'Religious tradition centered on Jesus, theology, and spiritual life.'),
(12, 2, 11, 'christian-mysticism', 'Christian Mysticism', 'Europe', 'Contemplative and mystical Christian currents.'),
(13, 2, NULL, 'islam', 'Islam', 'Arabia', 'Revelation, law, theology, and spiritual life.'),
(14, 2, 13, 'sufism', 'Sufism', 'Islamic world', 'Mystical current within Islam.'),
(15, 2, NULL, 'judaism', 'Judaism', 'Levant', 'Covenant, law, interpretation, and sacred history.'),
(16, 2, 15, 'kabbalah', 'Kabbalah', 'Jewish world', 'Mystical and esoteric current within Judaism.'),
(17, 2, NULL, 'advaita-vedanta', 'Advaita Vedanta', 'India', 'Non-dual Hindu philosophical tradition.'),
(18, 2, NULL, 'yoga', 'Yoga', 'India', 'Practice, concentration, and liberation.'),
(19, 2, NULL, 'jainism', 'Jainism', 'India', 'Nonviolence, karma, and liberation.'),
(20, 2, NULL, 'sikhism', 'Sikhism', 'Punjab', 'Devotion, equality, remembrance, and service.'),
(21, 3, NULL, 'psychoanalysis', 'Psychoanalysis / Psychodynamic', 'Europe', 'Unconscious processes, conflict, and development.'),
(22, 3, NULL, 'cbt', 'Cognitive Behavioral Therapy', 'US / Europe', 'Evidence-based psychotherapy integrating cognition and behavior.'),
(23, 3, NULL, 'humanistic-psychology', 'Humanistic Psychology', 'United States', 'Agency, experience, meaning, and the whole person.'),
(24, 3, NULL, 'attachment-theory', 'Attachment Theory', 'United Kingdom', 'Emotional bonds and their role in development and relationships.'),
(25, 3, NULL, 'social-psychology', 'Social Psychology', 'Global', 'How social contexts shape thought, feeling, and action.'),
(26, 4, NULL, 'habits-productivity', 'Habits and Productivity', 'Modern global', 'Habits, systems, productivity, and execution.'),
(27, 4, NULL, 'discipline-resilience', 'Discipline and Resilience', 'Modern global', 'Grit, resilience, and disciplined action.'),
(28, 4, NULL, 'money-meaning-modern-spirituality', 'Money, Meaning, and Modern Spirituality', 'Modern global', 'Money behavior, purpose, and popular spirituality.');

INSERT INTO persons (id, slug, display_name, birth_year, death_year, country_or_region, tradition_id, role_type, is_founder, credibility_band, bio_short, evidence_profile, claim_risk_level) VALUES
(1, 'zeno-of-citium', 'Zeno of Citium', -334, -262, 'Cyprus / Greece', 1, 'philosopher', TRUE, 'foundational', 'Founder of Stoicism.', NULL, NULL),
(2, 'seneca', 'Seneca', -4, 65, 'Roman Empire', 1, 'philosopher', FALSE, 'major', 'Roman Stoic statesman and essayist.', NULL, NULL),
(3, 'epictetus', 'Epictetus', 50, 135, 'Greek / Roman Empire', 1, 'philosopher', FALSE, 'major', 'Stoic teacher emphasizing inner freedom and control.', NULL, NULL),
(4, 'marcus-aurelius', 'Marcus Aurelius', 121, 180, 'Roman Empire', 1, 'philosopher', FALSE, 'major', 'Stoic emperor known for Meditations.', NULL, NULL),
(5, 'epicurus', 'Epicurus', -341, -270, 'Greece', 2, 'philosopher', TRUE, 'foundational', 'Founder of Epicureanism.', NULL, NULL),
(6, 'lucretius', 'Lucretius', -99, -55, 'Roman Republic', 2, 'poet', FALSE, 'major', 'Roman transmitter of Epicurean thought.', NULL, NULL),
(7, 'diogenes', 'Diogenes', -412, -323, 'Greece', 3, 'philosopher', FALSE, 'major', 'Cynic philosopher known for radical simplicity.', NULL, NULL),
(8, 'pyrrho', 'Pyrrho', -360, -270, 'Greece', 4, 'philosopher', TRUE, 'foundational', 'Foundational figure of Pyrrhonian skepticism.', NULL, NULL),
(9, 'kierkegaard', 'Søren Kierkegaard', 1813, 1855, 'Denmark', 5, 'philosopher', FALSE, 'major', 'Proto-existential thinker of faith, anxiety, and subjectivity.', NULL, NULL),
(10, 'nietzsche', 'Friedrich Nietzsche', 1844, 1900, 'Germany', 5, 'philosopher', FALSE, 'major', 'Critic of morality and herd values.', NULL, NULL),
(11, 'camus', 'Albert Camus', 1913, 1960, 'France / Algeria', 5, 'philosopher', FALSE, 'major', 'Philosopher of the absurd and revolt.', NULL, NULL),
(12, 'gautama-buddha', 'Gautama Buddha', -563, -483, 'India / Nepal region', 6, 'teacher', TRUE, 'foundational', 'Foundational teacher of Buddhism.', NULL, NULL),
(13, 'nagarjuna', 'Nagarjuna', 150, 250, 'India', 6, 'philosopher', FALSE, 'major', 'Major Mahayana thinker associated with emptiness.', NULL, NULL),
(14, 'dogen', 'Dogen', 1200, 1253, 'Japan', 7, 'monk', FALSE, 'major', 'Central Japanese Zen thinker.', NULL, NULL),
(15, 'longchenpa', 'Longchenpa', 1308, 1364, 'Tibet', 8, 'teacher', FALSE, 'major', 'Great systematizer of Dzogchen.', NULL, NULL),
(16, 'laozi', 'Laozi', -600, -500, 'China', 9, 'philosopher', FALSE, 'foundational', 'Associated with the Dao De Jing.', NULL, NULL),
(17, 'zhuangzi', 'Zhuangzi', -369, -286, 'China', 9, 'philosopher', FALSE, 'major', 'Major Daoist philosopher of spontaneity and perspective.', NULL, NULL),
(18, 'confucius', 'Confucius', -551, -479, 'China', 10, 'teacher', TRUE, 'foundational', 'Foundational teacher of Confucianism.', NULL, NULL),
(19, 'augustine', 'Augustine', 354, 430, 'Roman North Africa', 11, 'theologian', FALSE, 'major', 'Major Christian theologian and philosopher.', NULL, NULL),
(20, 'thomas-aquinas', 'Thomas Aquinas', 1225, 1274, 'Italy', 11, 'theologian', FALSE, 'major', 'Scholastic theologian and philosopher.', NULL, NULL),
(21, 'teresa-of-avila', 'Teresa of Ávila', 1515, 1582, 'Spain', 12, 'mystic', FALSE, 'major', 'Christian mystic and contemplative writer.', NULL, NULL),
(22, 'avicenna', 'Avicenna (Ibn Sina)', 980, 1037, 'Persia', 13, 'philosopher', FALSE, 'major', 'Seminal Islamic philosopher and polymath.', NULL, NULL),
(23, 'rumi', 'Rumi', 1207, 1273, 'Persia / Anatolia', 14, 'mystic', FALSE, 'major', 'Sufi poet and mystic.', NULL, NULL),
(24, 'maimonides', 'Maimonides', 1138, 1204, 'Al-Andalus / Egypt', 15, 'philosopher', FALSE, 'major', 'Major Jewish philosopher and legal thinker.', NULL, NULL),
(25, 'isaac-luria', 'Isaac Luria', 1534, 1572, 'Ottoman Palestine / Egypt', 16, 'mystic', FALSE, 'major', 'Major Kabbalistic thinker.', NULL, NULL),
(26, 'adi-shankara', 'Adi Shankara', 788, 820, 'India', 17, 'philosopher', FALSE, 'major', 'Major systematizer of Advaita Vedanta.', NULL, NULL),
(27, 'patanjali', 'Patanjali', -200, -100, 'India', 18, 'teacher', FALSE, 'foundational', 'Classical author associated with the Yoga Sutras.', NULL, NULL),
(28, 'mahavira', 'Mahavira', -599, -527, 'India', 19, 'teacher', TRUE, 'foundational', 'Central Jain teacher.', NULL, NULL),
(29, 'guru-nanak', 'Guru Nanak', 1469, 1539, 'Punjab', 20, 'teacher', TRUE, 'foundational', 'Founder of Sikhism.', NULL, NULL),
(30, 'freud', 'Sigmund Freud', 1856, 1939, 'Austria', 21, 'psychologist', TRUE, 'foundational', 'Founder of psychoanalysis.', NULL, NULL),
(31, 'jung', 'Carl Jung', 1875, 1961, 'Switzerland', 21, 'psychologist', FALSE, 'major', 'Analytical psychologist of archetypes and individuation.', NULL, NULL),
(32, 'aaron-beck', 'Aaron Beck', 1921, 2021, 'United States', 22, 'psychiatrist', TRUE, 'major', 'Founder of cognitive therapy.', NULL, NULL),
(33, 'albert-ellis', 'Albert Ellis', 1913, 2007, 'United States', 22, 'psychologist', TRUE, 'major', 'Founder of rational emotive behavior therapy.', NULL, NULL),
(34, 'carl-rogers', 'Carl Rogers', 1902, 1987, 'United States', 23, 'psychologist', FALSE, 'major', 'Humanistic psychologist emphasizing empathy and the person-centered approach.', NULL, NULL),
(35, 'abraham-maslow', 'Abraham Maslow', 1908, 1970, 'United States', 23, 'psychologist', FALSE, 'major', 'Known for needs and self-actualization.', NULL, NULL),
(36, 'viktor-frankl', 'Viktor Frankl', 1905, 1997, 'Austria', 23, 'psychiatrist', FALSE, 'major', 'Psychiatrist focused on meaning and logotherapy.', NULL, NULL),
(37, 'john-bowlby', 'John Bowlby', 1907, 1990, 'United Kingdom', 24, 'psychologist', TRUE, 'major', 'Founder of attachment theory.', NULL, NULL),
(38, 'robert-cialdini', 'Robert Cialdini', 1945, NULL, 'United States', 25, 'psychologist', FALSE, 'major', 'Social psychologist known for persuasion research.', NULL, NULL),
(39, 'daniel-kahneman', 'Daniel Kahneman', 1934, 2024, 'Israel / United States', 25, 'psychologist', FALSE, 'major', 'Psychologist of judgment and decision-making.', NULL, NULL),
(40, 'james-clear', 'James Clear', 1986, NULL, 'United States', 26, 'author', FALSE, 'popularizer', 'Popularizer of habits and systems.', 'practical-popularizer', 'low'),
(41, 'cal-newport', 'Cal Newport', 1982, NULL, 'United States', 26, 'author', FALSE, 'popularizer', 'Writer on focus, productivity, and deep work.', 'research-adjacent', 'low'),
(42, 'david-allen', 'David Allen', 1945, NULL, 'United States', 26, 'author', FALSE, 'popularizer', 'Creator of Getting Things Done.', 'practical-popularizer', 'low'),
(43, 'david-goggins', 'David Goggins', 1975, NULL, 'United States', 27, 'author', FALSE, 'popularizer', 'Extreme-discipline motivational figure.', 'motivational', 'medium'),
(44, 'jocko-willink', 'Jocko Willink', 1971, NULL, 'United States', 27, 'author', FALSE, 'popularizer', 'Writer on discipline and leadership.', 'practical-popularizer', 'low'),
(45, 'morgan-housel', 'Morgan Housel', 1984, NULL, 'United States', 28, 'author', FALSE, 'popularizer', 'Writer on money psychology and behavior.', 'practical-popularizer', 'low'),
(46, 'eckhart-tolle', 'Eckhart Tolle', 1948, NULL, 'Germany / Canada', 28, 'author', FALSE, 'popularizer', 'Modern spiritual teacher focused on presence.', 'spiritual-popular', 'medium'),
(47, 'joe-dispenza', 'Joe Dispenza', 1962, NULL, 'United States', 28, 'author', FALSE, 'controversial', 'Popular self-transformation teacher blending spirituality and neuroscience language.', 'controversial', 'high'),
(48, 'dale-carnegie', 'Dale Carnegie', 1888, 1955, 'United States', 28, 'author', FALSE, 'popularizer', 'Writer on social skills and influence.', 'practical-popularizer', 'low');

INSERT INTO works (id, person_id, tradition_id, title, work_type, publication_year, is_primary_text, summary_short) VALUES
(1, 2, 1, 'Letters from a Stoic', 'letters', 65, TRUE, 'Moral letters on virtue, adversity, death, and self-governance.'),
(2, 3, 1, 'Discourses', 'discourses', 108, TRUE, 'Teachings on judgment, control, and freedom.'),
(3, 4, 1, 'Meditations', 'notes', 170, TRUE, 'Personal reflections on duty, transience, and virtue.'),
(4, 5, 2, 'Letter to Menoeceus', 'letter', -300, TRUE, 'Concise statement of Epicurean ethics.'),
(5, 6, 2, 'On the Nature of Things', 'poem', -50, TRUE, 'Epicurean poem on nature, fear, and tranquility.'),
(6, 9, 5, 'The Sickness Unto Death', 'book', 1849, TRUE, 'Existential analysis of despair and selfhood.'),
(7, 10, 5, 'Thus Spoke Zarathustra', 'book', 1883, TRUE, 'Work on values, overcoming, and transformation.'),
(8, 11, 5, 'The Myth of Sisyphus', 'essay', 1942, TRUE, 'Essay on absurdity, meaning, and revolt.'),
(9, 12, 6, 'Dhammapada', 'scripture', -300, TRUE, 'Anthology of core Buddhist teachings.'),
(10, 13, 6, 'Mulamadhyamakakarika', 'treatise', 200, TRUE, 'Foundational Madhyamaka text on emptiness.'),
(11, 14, 7, 'Shobogenzo', 'essays', 1231, TRUE, 'Major Zen text on practice and realization.'),
(12, 15, 8, 'The Seven Treasuries', 'commentary', 1350, TRUE, 'Major Dzogchen compendium.'),
(13, 16, 9, 'Dao De Jing', 'book', -400, TRUE, 'Classic Daoist text on the Dao and non-forcing.'),
(14, 17, 9, 'Zhuangzi', 'book', -300, TRUE, 'Daoist text on spontaneity and perspective.'),
(15, 18, 10, 'Analects', 'book', -400, TRUE, 'Core sayings of Confucius and his school.'),
(16, 19, 11, 'Confessions', 'book', 400, TRUE, 'Work on conversion, memory, and God.'),
(17, 20, 11, 'Summa Theologiae', 'book', 1274, TRUE, 'Major scholastic theological synthesis.'),
(18, 21, 12, 'The Interior Castle', 'book', 1577, TRUE, 'Mystical text on stages of the soul.'),
(19, 22, 13, 'The Canon of Medicine', 'book', 1025, TRUE, 'Seminal philosophical-medical work.'),
(20, 23, 14, 'Masnavi', 'poem', 1258, TRUE, 'Seminal Sufi poetic text.'),
(21, 24, 15, 'Guide for the Perplexed', 'book', 1190, TRUE, 'Jewish philosophical work on reason, scripture, and God.'),
(22, 25, 16, 'Lurianic Teachings', 'teachings', 1570, TRUE, 'Major Kabbalistic teachings on emanation and repair.'),
(23, 26, 17, 'Vivekachudamani', 'book', 800, TRUE, 'Advaita text on discernment and liberation.'),
(24, 27, 18, 'Yoga Sutras', 'sutra', -100, TRUE, 'Classical yoga text on mind, practice, and liberation.'),
(25, 28, 19, 'Tattvartha Sutra', 'sutra', 200, TRUE, 'Foundational Jain philosophical text.'),
(26, 29, 20, 'Guru Granth Sahib', 'scripture', 1604, TRUE, 'Central Sikh scripture.'),
(27, 30, 21, 'The Interpretation of Dreams', 'book', 1899, TRUE, 'Foundational psychoanalytic work.'),
(28, 31, 21, 'Modern Man in Search of a Soul', 'book', 1933, TRUE, 'Jungian reflections on psyche and meaning.'),
(29, 32, 22, 'Cognitive Therapy and the Emotional Disorders', 'book', 1976, TRUE, 'Foundational cognitive therapy text.'),
(30, 33, 22, 'A Guide to Rational Living', 'book', 1961, TRUE, 'Core REBT text.'),
(31, 34, 23, 'On Becoming a Person', 'book', 1961, TRUE, 'Foundational person-centered psychology text.'),
(32, 35, 23, 'Motivation and Personality', 'book', 1954, TRUE, 'Work on motivation and self-actualization.'),
(33, 36, 23, 'Man''s Search for Meaning', 'book', 1946, TRUE, 'Classic work on suffering and meaning.'),
(34, 37, 24, 'Attachment and Loss', 'book', 1969, TRUE, 'Foundational attachment theory work.'),
(35, 38, 25, 'Influence', 'book', 1984, FALSE, 'Popular work on persuasion grounded in social psychology.'),
(36, 39, 25, 'Thinking, Fast and Slow', 'book', 2011, FALSE, 'Synthesis of judgment and decision-making research.'),
(37, 40, 26, 'Atomic Habits', 'book', 2018, FALSE, 'Framework for habit formation.'),
(38, 41, 26, 'Deep Work', 'book', 2016, FALSE, 'Book on focus and cognitively demanding work.'),
(39, 42, 26, 'Getting Things Done', 'book', 2001, FALSE, 'Productivity system for organizing action and commitments.'),
(40, 43, 27, 'Can''t Hurt Me', 'book', 2018, FALSE, 'Memoir and mindset book on resilience.'),
(41, 44, 27, 'Discipline Equals Freedom', 'book', 2017, FALSE, 'Book on discipline and personal leadership.'),
(42, 45, 28, 'The Psychology of Money', 'book', 2020, FALSE, 'Book on money behavior and decision-making.'),
(43, 46, 28, 'The Power of Now', 'book', 1997, FALSE, 'Modern spiritual book on presence.'),
(44, 47, 28, 'Breaking the Habit of Being Yourself', 'book', 2012, FALSE, 'Self-transformation book using spirituality and neuroscience language.'),
(45, 48, 28, 'How to Win Friends and Influence People', 'book', 1936, FALSE, 'Guide to communication and social influence.');

INSERT INTO concepts (id, slug, name, description, concept_family) VALUES
(1, 'virtue', 'Virtue', 'Excellence of character and conduct.', 'ethics'),
(2, 'tranquility', 'Tranquility', 'Freedom from disturbance or inner turmoil.', 'wellbeing'),
(3, 'suffering', 'Suffering', 'Pain, dissatisfaction, or existential unease.', 'human-condition'),
(4, 'emptiness', 'Emptiness', 'Lack of inherent independent existence.', 'metaphysics'),
(5, 'presence', 'Presence', 'Attentive awareness of immediate experience.', 'attention'),
(6, 'discipline', 'Discipline', 'Capacity to act with consistency and restraint.', 'action'),
(7, 'meaning', 'Meaning', 'Sense of significance, direction, or purpose.', 'purpose'),
(8, 'attachment', 'Attachment', 'Emotional bond and its behavioral consequences.', 'relationships'),
(9, 'habit', 'Habit', 'Repeated pattern of behavior shaped by cues and reinforcement.', 'behavior'),
(10, 'wealth', 'Wealth', 'Material resources and the behaviors surrounding them.', 'money');

INSERT INTO person_relationships (id, source_person_id, target_person_id, relationship_type, notes) VALUES
(1, 2, 1, 'belongs_to_same_tradition', 'Seneca belongs to the Stoic tradition founded by Zeno.'),
(2, 3, 1, 'belongs_to_same_tradition', 'Epictetus belongs to the Stoic tradition founded by Zeno.'),
(3, 4, 1, 'belongs_to_same_tradition', 'Marcus Aurelius belongs to the Stoic tradition founded by Zeno.'),
(4, 6, 5, 'influenced_by', 'Lucretius transmits Epicurean thought.'),
(5, 14, 12, 'belongs_to_same_tradition', 'Dogen is a major Buddhist thinker within the Zen current.'),
(6, 15, 12, 'belongs_to_same_tradition', 'Longchenpa is a Buddhist thinker within Dzogchen.'),
(7, 20, 19, 'influenced_by', 'Aquinas works in a Christian theological world deeply shaped by Augustine.'),
(8, 31, 30, 'influenced_by', 'Jung emerged from and reacted to Freud''s psychoanalytic world.'),
(9, 33, 32, 'belongs_to_same_tradition', 'Ellis and Beck are distinct but related cognitive-behavioral figures.');
